1,Тип,Беспроводные наушники,2024-05-10 18:54:42.695+03,2024-05-10 18:54:42.695+03,29
2,Связь,Bluetooth 5.2,2024-05-10 18:54:42.696+03,2024-05-10 18:54:42.696+03,29
3,Частотный диапазон,20 Гц - 20 кГц,2024-05-10 18:54:42.696+03,2024-05-10 18:54:42.696+03,29
4,Драйверы,11 мм,2024-05-10 18:54:42.696+03,2024-05-10 18:54:42.696+03,29
5,Аккумулятор,до 28 часов работы,2024-05-10 18:54:42.696+03,2024-05-10 18:54:42.696+03,29
6,Тип,Беспроводные наушники,2024-05-10 19:11:17.224+03,2024-05-10 19:11:17.224+03,30
7,Связь,Bluetooth 5.2,2024-05-10 19:11:17.225+03,2024-05-10 19:11:17.225+03,30
8,Аккумулятор,до 8 часов работы на одном заряде,2024-05-10 19:11:17.225+03,2024-05-10 19:11:17.225+03,30
9,Шумоподавление,Активное шумоподавление с управлением по уровню,2024-05-10 19:11:17.225+03,2024-05-10 19:11:17.225+03,30
10,Дизайн,Эргономичный дизайн с мягкими амбушюрами,2024-05-10 19:11:17.225+03,2024-05-10 19:11:17.225+03,30
11,Тип,Беспроводные наушники,2024-05-10 19:14:55.116+03,2024-05-10 19:14:55.116+03,31
12,Связь,Bluetooth,2024-05-10 19:14:55.116+03,2024-05-10 19:14:55.116+03,31
13,Шумоподавление,Активное,2024-05-10 19:14:55.116+03,2024-05-10 19:14:55.116+03,31
14,Батарея,Длительный срок работы,2024-05-10 19:14:55.116+03,2024-05-10 19:14:55.116+03,31
15,Дизайн,Компактный,2024-05-10 19:14:55.116+03,2024-05-10 19:14:55.116+03,31
16,Тип,Беспроводные наушники,2024-05-10 19:17:04.794+03,2024-05-10 19:17:04.794+03,32
17,Связь,Bluetooth,2024-05-10 19:17:04.794+03,2024-05-10 19:17:04.794+03,32
18,Шумоподавление,Активное,2024-05-10 19:17:04.794+03,2024-05-10 19:17:04.794+03,32
19,Дизайн,Элегантный и компактный,2024-05-10 19:17:04.795+03,2024-05-10 19:17:04.795+03,32
20,Батарея,Длительный срок работы,2024-05-10 19:17:04.795+03,2024-05-10 19:17:04.795+03,32
21,Тип,Беспроводные наушники,2024-05-10 19:17:50.409+03,2024-05-10 19:17:50.409+03,33
22,Связь,Bluetooth,2024-05-10 19:17:50.409+03,2024-05-10 19:17:50.409+03,33
23,Дизайн,Стильный и компактный,2024-05-10 19:17:50.409+03,2024-05-10 19:17:50.409+03,33
24,Аккумулятор,Долгое время работы,2024-05-10 19:17:50.409+03,2024-05-10 19:17:50.409+03,33
25,Совместимость,С различными устройствами,2024-05-10 19:17:50.409+03,2024-05-10 19:17:50.409+03,33
26,Тип,Беспроводные наушники TWS,2024-05-11 15:15:57.452+03,2024-05-11 15:15:57.452+03,34
27,Связь,Bluetooth,2024-05-11 15:15:57.452+03,2024-05-11 15:15:57.452+03,34
29,Дизайн,Элегантный и компактный,2024-05-11 15:15:57.452+03,2024-05-11 15:15:57.452+03,34
28,Шумоподавление,Активное,2024-05-11 15:15:57.452+03,2024-05-11 15:15:57.452+03,34
30,Батарея,Длительный срок работы,2024-05-11 15:15:57.452+03,2024-05-11 15:15:57.452+03,34
31,Тип,Беспроводные наушники TWS,2024-05-11 15:16:39.554+03,2024-05-11 15:16:39.554+03,35
32,Связь,Bluetooth,2024-05-11 15:16:39.554+03,2024-05-11 15:16:39.554+03,35
33,Шумоподавление,Активное,2024-05-11 15:16:39.554+03,2024-05-11 15:16:39.554+03,35
34,Вес,Легкие и компактные,2024-05-11 15:16:39.555+03,2024-05-11 15:16:39.555+03,35
35,Чехол-зарядка,Продолжительное время работы,2024-05-11 15:16:39.556+03,2024-05-11 15:16:39.556+03,35
36,Тип,Беспроводные наушники TWS,2024-05-11 15:21:06.763+03,2024-05-11 15:21:06.763+03,36
37,Связь,Bluetooth 5.0,2024-05-11 15:21:06.763+03,2024-05-11 15:21:06.763+03,36
38,Управление,Кнопка,2024-05-11 15:21:06.763+03,2024-05-11 15:21:06.763+03,36
39,Микрофон,Встроенный,2024-05-11 15:21:06.763+03,2024-05-11 15:21:06.763+03,36
40,Дизайн,Компактный,2024-05-11 15:21:06.763+03,2024-05-11 15:21:06.763+03,36
41,Тип,Беспроводные наушники TWS,2024-05-11 15:23:28.954+03,2024-05-11 15:23:28.954+03,37
42,Связь,Bluetooth 5.0,2024-05-11 15:23:28.954+03,2024-05-11 15:23:28.954+03,37
43,Дизайн,Компактный,2024-05-11 15:23:28.954+03,2024-05-11 15:23:28.954+03,37
44,Эргономика,Удобные насадки,2024-05-11 15:23:28.954+03,2024-05-11 15:23:28.954+03,37
45,Прочность,Надежное соединение,2024-05-11 15:23:28.954+03,2024-05-11 15:23:28.954+03,37
46,Тип,Беспроводные наушники TWS,2024-05-11 15:23:46.801+03,2024-05-11 15:23:46.801+03,38
47,Шумоподавление,Активное,2024-05-11 15:23:46.801+03,2024-05-11 15:23:46.801+03,38
48,Эргономика,Удобная посадка,2024-05-11 15:23:46.801+03,2024-05-11 15:23:46.801+03,38
49,Функционал,Поддержка голосовых команд,2024-05-11 15:23:46.801+03,2024-05-11 15:23:46.801+03,38
50,Батарея,Долгое время работы до 24 часов,2024-05-11 15:23:46.801+03,2024-05-11 15:23:46.801+03,38
56,Тип,Полноразмерные наушники,2024-05-11 15:29:37.256+03,2024-05-11 15:29:37.256+03,40
57,Качество звука,Превосходное,2024-05-11 15:29:37.256+03,2024-05-11 15:29:37.256+03,40
58,Дизайн,Современный,2024-05-11 15:29:37.256+03,2024-05-11 15:29:37.256+03,40
59,Посадка,Комфортная,2024-05-11 15:29:37.256+03,2024-05-11 15:29:37.256+03,40
60,Время работы,До 30 часов,2024-05-11 15:29:37.256+03,2024-05-11 15:29:37.256+03,40
61,Тип,Полноразмерные наушники,2024-05-11 15:29:48.699+03,2024-05-11 15:29:48.699+03,41
62,Качество звука,Превосходное,2024-05-11 15:29:48.699+03,2024-05-11 15:29:48.699+03,41
63,Дизайн,Стильный,2024-05-11 15:29:48.699+03,2024-05-11 15:29:48.699+03,41
64,Посадка,Комфортная,2024-05-11 15:29:48.699+03,2024-05-11 15:29:48.699+03,41
65,Время работы,До 35 часов,2024-05-11 15:29:48.699+03,2024-05-11 15:29:48.699+03,41
67,Качество звука,Изумительное,2024-05-11 15:31:13.651+03,2024-05-11 15:31:13.651+03,42
66,Тип,Полноразмерные наушники,2024-05-11 15:31:13.651+03,2024-05-11 15:31:13.651+03,42
68,Посадка,Комфортная,2024-05-11 15:31:13.651+03,2024-05-11 15:31:13.651+03,42
69,Дизайн,Строгий,2024-05-11 15:31:13.651+03,2024-05-11 15:31:13.651+03,42
70,Время работы,До 20 часов,2024-05-11 15:31:13.651+03,2024-05-11 15:31:13.651+03,42
71,Тип,Полноразмерные наушники,2024-05-11 15:33:48.424+03,2024-05-11 15:33:48.424+03,43
72,Качество звука,Высокое,2024-05-11 15:33:48.424+03,2024-05-11 15:33:48.424+03,43
73,Дизайн,Современный,2024-05-11 15:33:48.425+03,2024-05-11 15:33:48.425+03,43
74,Посадка,Комфортная,2024-05-11 15:33:48.425+03,2024-05-11 15:33:48.425+03,43
75,Вес,300 г,2024-05-11 15:33:48.425+03,2024-05-11 15:33:48.425+03,43
76,Тип,Беспроводные наушники,2024-05-11 15:34:48.132+03,2024-05-11 15:34:48.132+03,44
52,Дизайн,Уникальный,2024-05-11 15:25:33.752+03,2024-05-11 15:25:33.752+03,
77,Шумоподавление,Активное,2024-05-11 15:34:48.132+03,2024-05-11 15:34:48.132+03,44
78,Качество звука,Превосходное,2024-05-11 15:34:48.132+03,2024-05-11 15:34:48.132+03,44
79,Время работы от одной зарядки,До 30 часов,2024-05-11 15:34:48.132+03,2024-05-11 15:34:48.132+03,44
80,Дизайн,Современный,2024-05-11 15:34:48.132+03,2024-05-11 15:34:48.132+03,44
51,Тип,Беспроводные наушники мониторы,2024-05-11 15:25:33.752+03,2024-05-11 15:25:33.752+03,
53,Звук,Качественный,2024-05-11 15:25:33.752+03,2024-05-11 15:25:33.752+03,
54,Посадка,Комфортная,2024-05-11 15:25:33.752+03,2024-05-11 15:25:33.752+03,
55,Аккумулятор,Долговечный,2024-05-11 15:25:33.752+03,2024-05-11 15:25:33.752+03,
81,Тип,Проводные наушники-вкладыши,2024-05-11 15:37:55.157+03,2024-05-11 15:37:55.157+03,45
82,Стереозвук,Да,2024-05-11 15:37:55.157+03,2024-05-11 15:37:55.157+03,45
83,Бас,Усиленный,2024-05-11 15:37:55.157+03,2024-05-11 15:37:55.157+03,45
84,Микрофон,Есть,2024-05-11 15:37:55.157+03,2024-05-11 15:37:55.157+03,45
85,Длина кабеля,1.2 метра,2024-05-11 15:37:55.157+03,2024-05-11 15:37:55.157+03,45
86,Тип,Проводные наушники-вкладыши,2024-05-11 15:38:19.946+03,2024-05-11 15:38:19.946+03,46
87,Стереозвук,Да,2024-05-11 15:38:19.946+03,2024-05-11 15:38:19.946+03,46
88,Микрофон,Есть,2024-05-11 15:38:19.947+03,2024-05-11 15:38:19.947+03,46
89,Длина кабеля,1.2 метра,2024-05-11 15:38:19.947+03,2024-05-11 15:38:19.947+03,46
90,Цвет,Черный,2024-05-11 15:38:19.947+03,2024-05-11 15:38:19.947+03,46
91,Тип,Проводные наушники-вкладыши,2024-05-11 15:39:04.843+03,2024-05-11 15:39:04.843+03,47
92,Стереозвук,Да,2024-05-11 15:39:04.843+03,2024-05-11 15:39:04.843+03,47
93,Микрофон,Есть,2024-05-11 15:39:04.843+03,2024-05-11 15:39:04.843+03,47
94,Длина кабеля,1.2 метра,2024-05-11 15:39:04.843+03,2024-05-11 15:39:04.843+03,47
95,Цвет,Белый,2024-05-11 15:39:04.843+03,2024-05-11 15:39:04.843+03,47
96,Тип,Проводные наушники-вкладыши,2024-05-11 15:39:17.717+03,2024-05-11 15:39:17.717+03,48
97,Стереозвук,Да,2024-05-11 15:39:17.717+03,2024-05-11 15:39:17.717+03,48
98,Микрофон,Есть,2024-05-11 15:39:17.719+03,2024-05-11 15:39:17.719+03,48
99,Длина кабеля,1.2 метра,2024-05-11 15:39:17.72+03,2024-05-11 15:39:17.72+03,48
100,Цвет,Черный,2024-05-11 15:39:17.72+03,2024-05-11 15:39:17.72+03,48
101,Тип,Проводные наушники-вкладыши,2024-05-11 15:39:39.28+03,2024-05-11 15:39:39.28+03,49
102,Стереозвук,Да,2024-05-11 15:39:39.28+03,2024-05-11 15:39:39.28+03,49
103,Микрофон,Есть,2024-05-11 15:39:39.28+03,2024-05-11 15:39:39.28+03,49
104,Длина кабеля,1.2 метра,2024-05-11 15:39:39.28+03,2024-05-11 15:39:39.28+03,49
105,Цвет,Белый,2024-05-11 15:39:39.28+03,2024-05-11 15:39:39.28+03,49
106,Тип,Двухкамерный холодильник,2024-05-11 15:41:45.021+03,2024-05-11 15:41:45.021+03,50
107,Объем,300 литров,2024-05-11 15:41:45.021+03,2024-05-11 15:41:45.021+03,50
108,Система охлаждения,No Frost,2024-05-11 15:41:45.021+03,2024-05-11 15:41:45.021+03,50
109,Цвет,Серебристый,2024-05-11 15:41:45.021+03,2024-05-11 15:41:45.021+03,50
110,Тип,Двухкамерный холодильник,2024-05-11 15:42:56.533+03,2024-05-11 15:42:56.533+03,51
111,Объем,400 литров,2024-05-11 15:42:56.533+03,2024-05-11 15:42:56.533+03,51
112,Система охлаждения,Twin Cooling Plus,2024-05-11 15:42:56.533+03,2024-05-11 15:42:56.533+03,51
113,Цвет,Нержавеющая сталь,2024-05-11 15:42:56.533+03,2024-05-11 15:42:56.533+03,51
114,Тип,Однокамерный холодильник,2024-05-11 15:43:06.083+03,2024-05-11 15:43:06.083+03,52
115,Цвет,Белый,2024-05-11 15:43:06.083+03,2024-05-11 15:43:06.083+03,52
116,Объем,250 литров,2024-05-11 15:43:06.083+03,2024-05-11 15:43:06.083+03,52
117,Система охлаждения,Мульти-охлаждение,2024-05-11 15:43:06.083+03,2024-05-11 15:43:06.083+03,52
118,Тип,Двухкамерный холодильник,2024-05-11 15:43:35.59+03,2024-05-11 15:43:35.59+03,53
119,Объем,400 литров,2024-05-11 15:43:35.59+03,2024-05-11 15:43:35.59+03,53
120,Система охлаждения,Арктическое охлаждение,2024-05-11 15:43:35.59+03,2024-05-11 15:43:35.59+03,53
121,Цвет,Серый,2024-05-11 15:43:35.59+03,2024-05-11 15:43:35.59+03,53
122,Тип,Однокамерный холодильник,2024-05-11 15:43:46.948+03,2024-05-11 15:43:46.948+03,54
123,Объем,250 литров,2024-05-11 15:43:46.948+03,2024-05-11 15:43:46.948+03,54
124,Система охлаждения,Мульти-охлаждение,2024-05-11 15:43:46.948+03,2024-05-11 15:43:46.948+03,54
125,Цвет,Белый,2024-05-11 15:43:46.948+03,2024-05-11 15:43:46.948+03,54
126,Тип,Автоматическая стиральная машина,2024-05-11 15:47:26.602+03,2024-05-11 15:47:26.602+03,55
127,Максимальная загрузка,8 кг,2024-05-11 15:47:26.602+03,2024-05-11 15:47:26.602+03,55
128,Управление,Интеллектуальная система управления,2024-05-11 15:47:26.602+03,2024-05-11 15:47:26.602+03,55
129,Тип,Автоматическая стиральная машина,2024-05-11 15:47:35.186+03,2024-05-11 15:47:35.186+03,56
130,Защита,Система защиты от протечек,2024-05-11 15:47:35.186+03,2024-05-11 15:47:35.186+03,56
131,Максимальная загрузка,6 кг,2024-05-11 15:47:35.186+03,2024-05-11 15:47:35.186+03,56
132,Тип,Автоматическая стиральная машина,2024-05-11 15:47:46.706+03,2024-05-11 15:47:46.706+03,57
133,Максимальная загрузка,10 кг,2024-05-11 15:47:46.706+03,2024-05-11 15:47:46.706+03,57
134,Функции,"Быстрая стирка, сбережение воды",2024-05-11 15:47:46.706+03,2024-05-11 15:47:46.706+03,57
135,Тип,Автоматическая стиральная машина,2024-05-11 15:47:55.776+03,2024-05-11 15:47:55.776+03,58
137,Технология,AquaWave,2024-05-11 15:47:55.776+03,2024-05-11 15:47:55.776+03,58
136,Максимальная загрузка,7 кг,2024-05-11 15:47:55.776+03,2024-05-11 15:47:55.776+03,58
138,Тип,Автоматическая стиральная машина,2024-05-11 15:48:05.206+03,2024-05-11 15:48:05.206+03,59
139,Максимальная загрузка,8 кг,2024-05-11 15:48:05.206+03,2024-05-11 15:48:05.206+03,59
140,Управление,Сенсорное управление,2024-05-11 15:48:05.206+03,2024-05-11 15:48:05.206+03,59
141,Объем кастрюли,5 л,2024-05-11 15:49:41.399+03,2024-05-11 15:49:41.399+03,60
142,Управление,Сенсорный экран,2024-05-11 15:49:41.399+03,2024-05-11 15:49:41.399+03,60
143,Объем кастрюли,6 л,2024-05-11 15:49:50.702+03,2024-05-11 15:49:50.702+03,61
144,Управление,Интеллектуальная система управления,2024-05-11 15:49:50.702+03,2024-05-11 15:49:50.702+03,61
145,Объем кастрюли,5 л,2024-05-11 15:50:04.374+03,2024-05-11 15:50:04.374+03,62
146,Управление,Сенсорный дисплей,2024-05-11 15:50:04.374+03,2024-05-11 15:50:04.374+03,62
147,Объем кастрюли,8 л,2024-05-11 15:50:14.4+03,2024-05-11 15:50:14.4+03,63
148,Управление,Интеллектуальная система управления,2024-05-11 15:50:14.4+03,2024-05-11 15:50:14.4+03,63
149,Объем кастрюли,6 л,2024-05-11 15:50:23.109+03,2024-05-11 15:50:23.109+03,64
150,Управление,Простой интерфейс,2024-05-11 15:50:23.109+03,2024-05-11 15:50:23.109+03,64
151,Диагональ экрана,65 дюймов,2024-05-11 15:57:20.544+03,2024-05-11 15:57:20.544+03,65
152,Разрешение,4K Ultra HD,2024-05-11 15:57:20.544+03,2024-05-11 15:57:20.544+03,65
153,Технология,Crystal UHD,2024-05-11 15:57:20.544+03,2024-05-11 15:57:20.544+03,65
155,Поддержка HDR,Да,2024-05-11 15:57:20.544+03,2024-05-11 15:57:20.544+03,65
154,Частота обновления,60 Гц,2024-05-11 15:57:20.544+03,2024-05-11 15:57:20.544+03,65
156,Диагональ экрана,55 дюймов,2024-05-11 15:57:42.648+03,2024-05-11 15:57:42.648+03,66
157,Разрешение,4K Ultra HD,2024-05-11 15:57:42.648+03,2024-05-11 15:57:42.648+03,66
158,Технология,OLED,2024-05-11 15:57:42.648+03,2024-05-11 15:57:42.648+03,66
159,Процессор,Cognitive Processor XR,2024-05-11 15:57:42.648+03,2024-05-11 15:57:42.648+03,66
160,Поддержка HDR,Да,2024-05-11 15:57:42.648+03,2024-05-11 15:57:42.648+03,66
161,Диагональ экрана,75 дюймов,2024-05-11 15:57:52.936+03,2024-05-11 15:57:52.936+03,67
162,Разрешение,8K Ultra HD,2024-05-11 15:57:52.936+03,2024-05-11 15:57:52.936+03,67
163,Технология,Quantum Dot,2024-05-11 15:57:52.937+03,2024-05-11 15:57:52.937+03,67
164,Аудио,Высококачественная звуковая система,2024-05-11 15:57:52.937+03,2024-05-11 15:57:52.937+03,67
165,Поддержка HDR,Dolby Vision,2024-05-11 15:57:52.937+03,2024-05-11 15:57:52.937+03,67
166,Диагональ экрана,55 дюймов,2024-05-11 15:58:55.478+03,2024-05-11 15:58:55.478+03,68
167,Разрешение,4K Ultra HD,2024-05-11 15:58:55.478+03,2024-05-11 15:58:55.478+03,68
168,Технология,8K HDR,2024-05-11 15:58:55.478+03,2024-05-11 15:58:55.478+03,68
169,Motion Clear,Да,2024-05-11 15:58:55.478+03,2024-05-11 15:58:55.478+03,68
170,Управление голосом,Да,2024-05-11 15:58:55.478+03,2024-05-11 15:58:55.478+03,68
171,Разрешение,4K Ultra HD,2024-05-11 15:59:06.377+03,2024-05-11 15:59:06.377+03,69
172,Потоковый контент,Широкий выбор,2024-05-11 15:59:06.377+03,2024-05-11 15:59:06.377+03,69
173,Технология,HDR,2024-05-11 15:59:06.377+03,2024-05-11 15:59:06.377+03,69
174,Управление голосом,Да,2024-05-11 15:59:06.377+03,2024-05-11 15:59:06.377+03,69
175,Процессор,A12 Bionic,2024-05-11 15:59:06.377+03,2024-05-11 15:59:06.377+03,69
176,Процессор,Intel Xeon,2024-05-11 16:01:47.115+03,2024-05-11 16:01:47.115+03,70
177,Количество ядер,До 28,2024-05-11 16:01:47.115+03,2024-05-11 16:01:47.115+03,70
178,Видеокарта,AMD Radeon Pro,2024-05-11 16:01:47.115+03,2024-05-11 16:01:47.115+03,70
179,Память,До 1.5 ТБ,2024-05-11 16:01:47.116+03,2024-05-11 16:01:47.116+03,70
180,Хранилище,До 8 ТБ SSD,2024-05-11 16:01:47.116+03,2024-05-11 16:01:47.116+03,70
181,Процессор,Intel Core i9,2024-05-11 16:01:57.833+03,2024-05-11 16:01:57.833+03,71
182,Память,До 64 ГБ RAM,2024-05-11 16:01:57.834+03,2024-05-11 16:01:57.834+03,71
183,Видеокарта,NVIDIA GeForce RTX 3090,2024-05-11 16:01:57.833+03,2024-05-11 16:01:57.833+03,71
184,Хранилище,До 2 ТБ SSD + 8 ТБ HDD,2024-05-11 16:01:57.834+03,2024-05-11 16:01:57.834+03,71
185,Охлаждение,Эффективная система охлаждения,2024-05-11 16:01:57.834+03,2024-05-11 16:01:57.834+03,71
186,Процессор,Intel Core i9,2024-05-11 16:02:23.257+03,2024-05-11 16:02:23.257+03,72
187,Видеокарта,NVIDIA GeForce RTX 3080,2024-05-11 16:02:23.258+03,2024-05-11 16:02:23.258+03,72
188,Память,До 32 ГБ RAM,2024-05-11 16:02:23.258+03,2024-05-11 16:02:23.258+03,72
189,Хранилище,До 1 ТБ SSD + 4 ТБ HDD,2024-05-11 16:02:23.258+03,2024-05-11 16:02:23.258+03,72
190,Охлаждение,Эффективная система охлаждения,2024-05-11 16:02:23.258+03,2024-05-11 16:02:23.258+03,72
191,Процессор,Intel Core i7,2024-05-11 16:02:30.341+03,2024-05-11 16:02:30.341+03,73
192,Хранилище,До 512 ГБ SSD + 2 ТБ HDD,2024-05-11 16:02:30.341+03,2024-05-11 16:02:30.341+03,73
193,Охлаждение,Эффективная система охлаждения,2024-05-11 16:02:30.341+03,2024-05-11 16:02:30.341+03,73
194,Память,До 32 ГБ RAM,2024-05-11 16:02:30.341+03,2024-05-11 16:02:30.341+03,73
195,Видеокарта,NVIDIA GeForce RTX 3070,2024-05-11 16:02:30.341+03,2024-05-11 16:02:30.341+03,73
196,Процессор,AMD Ryzen 9,2024-05-11 16:02:38.904+03,2024-05-11 16:02:38.904+03,74
197,Охлаждение,Эффективная система охлаждения,2024-05-11 16:02:38.904+03,2024-05-11 16:02:38.904+03,74
198,Видеокарта,NVIDIA GeForce GTX 1660 Ti,2024-05-11 16:02:38.904+03,2024-05-11 16:02:38.904+03,74
199,Хранилище,До 512 ГБ SSD + 2 ТБ HDD,2024-05-11 16:02:38.904+03,2024-05-11 16:02:38.904+03,74
200,Память,До 16 ГБ RAM,2024-05-11 16:02:38.904+03,2024-05-11 16:02:38.904+03,74
201,Процессор,Intel Xeon,2024-05-11 16:03:29.979+03,2024-05-11 16:03:29.979+03,75
202,Количество ядер,До 18,2024-05-11 16:03:29.979+03,2024-05-11 16:03:29.979+03,75
203,Видеокарта,Radeon Pro Vega,2024-05-11 16:03:29.979+03,2024-05-11 16:03:29.979+03,75
204,Память,До 256 ГБ RAM,2024-05-11 16:03:29.979+03,2024-05-11 16:03:29.979+03,75
205,Хранилище,До 4 ТБ SSD,2024-05-11 16:03:29.979+03,2024-05-11 16:03:29.979+03,75
206,Процессор,Intel Core i7,2024-05-11 16:03:38.169+03,2024-05-11 16:03:38.169+03,76
207,Экран,27-дюймовый 4K,2024-05-11 16:03:38.169+03,2024-05-11 16:03:38.169+03,76
208,Память,До 32 ГБ RAM,2024-05-11 16:03:38.169+03,2024-05-11 16:03:38.169+03,76
209,Хранилище,До 1 ТБ SSD,2024-05-11 16:03:38.169+03,2024-05-11 16:03:38.169+03,76
210,Графика,Intel Iris Plus,2024-05-11 16:03:38.169+03,2024-05-11 16:03:38.169+03,76
212,Графика,Intel UHD Graphics,2024-05-11 16:03:47.235+03,2024-05-11 16:03:47.235+03,77
213,Память,До 16 ГБ RAM,2024-05-11 16:03:47.235+03,2024-05-11 16:03:47.235+03,77
214,Хранилище,До 512 ГБ SSD,2024-05-11 16:03:47.235+03,2024-05-11 16:03:47.235+03,77
211,Процессор,Intel Core i5,2024-05-11 16:03:47.235+03,2024-05-11 16:03:47.235+03,77
215,Экран,23.8-дюймовый Full HD,2024-05-11 16:03:47.235+03,2024-05-11 16:03:47.235+03,77
216,Процессор,Intel Core i7,2024-05-11 16:03:54.863+03,2024-05-11 16:03:54.863+03,78
217,Память,До 32 ГБ RAM,2024-05-11 16:03:54.863+03,2024-05-11 16:03:54.863+03,78
218,Хранилище,До 1 ТБ SSD,2024-05-11 16:03:54.863+03,2024-05-11 16:03:54.863+03,78
219,Экран,27-дюймовый Full HD,2024-05-11 16:03:54.863+03,2024-05-11 16:03:54.863+03,78
220,Графика,Intel Iris Xe,2024-05-11 16:03:54.863+03,2024-05-11 16:03:54.863+03,78
221,Процессор,AMD Ryzen 7,2024-05-11 16:04:05.413+03,2024-05-11 16:04:05.413+03,79
222,Графика,AMD Radeon,2024-05-11 16:04:05.413+03,2024-05-11 16:04:05.413+03,79
223,Память,До 16 ГБ RAM,2024-05-11 16:04:05.413+03,2024-05-11 16:04:05.413+03,79
224,Хранилище,До 512 ГБ SSD,2024-05-11 16:04:05.413+03,2024-05-11 16:04:05.413+03,79
225,Экран,23.8-дюймовый Full HD,2024-05-11 16:04:05.413+03,2024-05-11 16:04:05.413+03,79
226,Тип подключения,Беспроводной,2024-05-11 16:06:13.8+03,2024-05-11 16:06:13.8+03,80
227,Технология,Bluetooth,2024-05-11 16:06:13.8+03,2024-05-11 16:06:13.8+03,80
228,Эргономика,Эргономичный дизайн,2024-05-11 16:06:13.8+03,2024-05-11 16:06:13.8+03,80
229,Точность,Высокая точность курсора,2024-05-11 16:06:13.8+03,2024-05-11 16:06:13.8+03,80
230,Совместимость,"С MacBook, iMac и Mac Pro",2024-05-11 16:06:13.8+03,2024-05-11 16:06:13.8+03,80
231,Технология,2.4 ГГц беспроводная технология,2024-05-11 16:06:21.243+03,2024-05-11 16:06:21.243+03,81
232,Тип подключения,Беспроводной,2024-05-11 16:06:21.243+03,2024-05-11 16:06:21.243+03,81
240,Дизайн,Компактный и эргономичный дизайн,2024-05-11 16:06:28.89+03,2024-05-11 16:06:28.89+03,82
234,Дизайн,Стильный и элегантный дизайн,2024-05-11 16:06:21.243+03,2024-05-11 16:06:21.243+03,81
239,Технология,2.4 ГГц беспроводная технология,2024-05-11 16:06:28.89+03,2024-05-11 16:06:28.89+03,82
291,Экран,2.2 дюйма,2024-05-11 16:19:46.294+03,2024-05-11 16:19:46.294+03,98
338,Память,"8 ГБ RAM, 512 ГБ SSD",2024-05-11 16:23:41.05+03,2024-05-11 16:23:41.05+03,107
341,Экран,"14 дюймов, IPS",2024-05-11 16:23:51.019+03,2024-05-11 16:23:51.019+03,108
350,ОС,Windows 10,2024-05-11 16:23:59.703+03,2024-05-11 16:23:59.703+03,109
235,Точность,Точное управление,2024-05-11 16:06:21.243+03,2024-05-11 16:06:21.243+03,81
236,Тип подключения,Беспроводной,2024-05-11 16:06:28.89+03,2024-05-11 16:06:28.89+03,82
294,Память,32 МБ + microSD до 16 ГБ,2024-05-11 16:19:46.294+03,2024-05-11 16:19:46.294+03,98
351,Тип,Беспроводная,2024-05-11 16:26:04.958+03,2024-05-11 16:26:04.958+03,110
352,Подключение,Bluetooth,2024-05-11 16:26:04.958+03,2024-05-11 16:26:04.958+03,110
353,Цвет,Серый космос,2024-05-11 16:26:04.958+03,2024-05-11 16:26:04.958+03,110
354,Батарея,"Встроенная, до 1 месяца работы",2024-05-11 16:26:04.958+03,2024-05-11 16:26:04.958+03,110
355,Совместимость,"MacBook, iMac",2024-05-11 16:26:04.958+03,2024-05-11 16:26:04.958+03,110
360,Материал,Пластик,2024-05-11 16:26:14.778+03,2024-05-11 16:26:14.778+03,111
237,Совместимость,С ПК и ноутбуками,2024-05-11 16:06:28.89+03,2024-05-11 16:06:28.89+03,82
295,Аккумулятор,1200 мАч,2024-05-11 16:19:46.294+03,2024-05-11 16:19:46.294+03,98
356,Тип,Проводная,2024-05-11 16:26:14.778+03,2024-05-11 16:26:14.778+03,111
241,Тип подключения,Беспроводной,2024-05-11 16:08:51.282+03,2024-05-11 16:08:51.282+03,87
242,Технология,2.4 ГГц беспроводная технология,2024-05-11 16:08:51.283+03,2024-05-11 16:08:51.283+03,87
243,Точность,Точное управление,2024-05-11 16:08:51.283+03,2024-05-11 16:08:51.283+03,87
244,Дизайн,Стильный и элегантный дизайн,2024-05-11 16:08:51.283+03,2024-05-11 16:08:51.283+03,87
245,Совместимость,С ПК и ноутбуками,2024-05-11 16:08:51.283+03,2024-05-11 16:08:51.283+03,87
296,Экран,2.4 дюйма,2024-05-11 16:19:59.585+03,2024-05-11 16:19:59.585+03,99
297,Камера,1.3 Мп,2024-05-11 16:19:59.585+03,2024-05-11 16:19:59.585+03,99
298,Память,64 МБ + microSD до 32 ГБ,2024-05-11 16:19:59.585+03,2024-05-11 16:19:59.585+03,99
299,Аккумулятор,1000 мАч,2024-05-11 16:19:59.585+03,2024-05-11 16:19:59.585+03,99
300,Особенности,"FM-радио, фонарик",2024-05-11 16:19:59.585+03,2024-05-11 16:19:59.585+03,99
357,Подключение,USB,2024-05-11 16:26:14.778+03,2024-05-11 16:26:14.778+03,111
246,Тип подключения,Беспроводной,2024-05-11 16:09:23.917+03,2024-05-11 16:09:23.917+03,89
247,Технология,2.4 ГГц беспроводная технология,2024-05-11 16:09:23.918+03,2024-05-11 16:09:23.918+03,89
248,Точность,Точное управление,2024-05-11 16:09:23.918+03,2024-05-11 16:09:23.918+03,89
249,Дизайн,Элегантный и компактный дизайн,2024-05-11 16:09:23.918+03,2024-05-11 16:09:23.918+03,89
250,Совместимость,С ПК и ноутбуками,2024-05-11 16:09:23.918+03,2024-05-11 16:09:23.918+03,89
301,Экран,"15.6 дюйма, сенсорный",2024-05-11 16:21:18.891+03,2024-05-11 16:21:18.891+03,100
302,Процессор,Intel Core i7,2024-05-11 16:21:18.891+03,2024-05-11 16:21:18.891+03,100
303,Память,"16 ГБ RAM, 512 ГБ SSD",2024-05-11 16:21:18.891+03,2024-05-11 16:21:18.891+03,100
304,Графика,NVIDIA GeForce RTX 3060,2024-05-11 16:21:18.891+03,2024-05-11 16:21:18.891+03,100
309,ОС,Windows 10,2024-05-11 16:21:27.945+03,2024-05-11 16:21:27.945+03,101
358,Цвет,Черный,2024-05-11 16:26:14.778+03,2024-05-11 16:26:14.778+03,111
251,Экран,Super Retina XDR,2024-05-11 16:16:41.078+03,2024-05-11 16:16:41.078+03,90
252,Процессор,Apple A17 Bionic,2024-05-11 16:16:41.079+03,2024-05-11 16:16:41.079+03,90
253,Камера,12 Мп + 12 Мп + 12 Мп,2024-05-11 16:16:41.079+03,2024-05-11 16:16:41.079+03,90
254,Батарея,5000 мАч,2024-05-11 16:16:41.079+03,2024-05-11 16:16:41.079+03,90
255,ОС,iOS 19,2024-05-11 16:16:41.079+03,2024-05-11 16:16:41.079+03,90
257,Камера,108 Мп + 12 Мп + 12 Мп + ToF,2024-05-11 16:16:50.011+03,2024-05-11 16:16:50.011+03,91
305,ОС,Windows 11,2024-05-11 16:21:18.891+03,2024-05-11 16:21:18.891+03,100
307,Процессор,Intel Core i5,2024-05-11 16:21:27.945+03,2024-05-11 16:21:27.945+03,101
359,Совместимость,Samsung устройства,2024-05-11 16:26:14.778+03,2024-05-11 16:26:14.778+03,111
256,Экран,"6.8 дюймов, Dynamic AMOLED",2024-05-11 16:16:50.01+03,2024-05-11 16:16:50.01+03,91
306,Экран,"14 дюймов, сенсорный",2024-05-11 16:21:27.945+03,2024-05-11 16:21:27.945+03,101
361,Тип,Беспроводная,2024-05-11 16:26:25.214+03,2024-05-11 16:26:25.214+03,112
362,Подключение,Bluetooth,2024-05-11 16:26:25.214+03,2024-05-11 16:26:25.214+03,112
363,Цвет,Белый,2024-05-11 16:26:25.214+03,2024-05-11 16:26:25.214+03,112
364,Батарея,"Встроенная, до 6 месяцев работы",2024-05-11 16:26:25.214+03,2024-05-11 16:26:25.214+03,112
365,Совместимость,Xiaomi устройства,2024-05-11 16:26:25.214+03,2024-05-11 16:26:25.214+03,112
370,Совместимость,Sony устройства,2024-05-11 16:26:34.425+03,2024-05-11 16:26:34.425+03,113
258,Батарея,5500 мАч,2024-05-11 16:16:50.011+03,2024-05-11 16:16:50.011+03,91
308,Графика,Intel UHD Graphics,2024-05-11 16:21:27.945+03,2024-05-11 16:21:27.945+03,101
366,Тип,Проводная,2024-05-11 16:26:34.425+03,2024-05-11 16:26:34.425+03,113
259,ОС,Android 15,2024-05-11 16:16:50.011+03,2024-05-11 16:16:50.011+03,91
310,Память,"8 ГБ RAM, 256 ГБ SSD",2024-05-11 16:21:27.945+03,2024-05-11 16:21:27.945+03,101
367,Подключение,USB,2024-05-11 16:26:34.425+03,2024-05-11 16:26:34.425+03,113
260,Процессор,Snapdragon 9,2024-05-11 16:16:50.01+03,2024-05-11 16:16:50.01+03,91
311,Экран,"16 дюймов, сенсорный",2024-05-11 16:21:45.683+03,2024-05-11 16:21:45.683+03,102
312,Процессор,Apple M1 Pro,2024-05-11 16:21:45.684+03,2024-05-11 16:21:45.684+03,102
313,Память,"16 ГБ RAM, 1 ТБ SSD",2024-05-11 16:21:45.684+03,2024-05-11 16:21:45.684+03,102
314,Графика,Apple M1 Pro Graphics,2024-05-11 16:21:45.684+03,2024-05-11 16:21:45.684+03,102
315,ОС,macOS Monterey,2024-05-11 16:21:45.684+03,2024-05-11 16:21:45.684+03,102
368,Цвет,Серебристый,2024-05-11 16:26:34.425+03,2024-05-11 16:26:34.425+03,113
261,Экран,"6.6 дюймов, AMOLED",2024-05-11 16:17:00.791+03,2024-05-11 16:17:00.791+03,92
262,Процессор,Snapdragon 8,2024-05-11 16:17:00.791+03,2024-05-11 16:17:00.791+03,92
263,Камера,108 Мп + 12 Мп + 8 Мп,2024-05-11 16:17:00.791+03,2024-05-11 16:17:00.791+03,92
264,Батарея,4800 мАч,2024-05-11 16:17:00.791+03,2024-05-11 16:17:00.791+03,92
265,ОС,MIUI 14,2024-05-11 16:17:00.791+03,2024-05-11 16:17:00.791+03,92
316,Экран,"13.3 дюйма, сенсорный",2024-05-11 16:22:27.174+03,2024-05-11 16:22:27.174+03,103
317,Процессор,Intel Core i7,2024-05-11 16:22:27.174+03,2024-05-11 16:22:27.174+03,103
318,Память,"12 ГБ RAM, 512 ГБ SSD",2024-05-11 16:22:27.174+03,2024-05-11 16:22:27.174+03,103
319,Графика,NVIDIA GeForce GTX 1650,2024-05-11 16:22:27.174+03,2024-05-11 16:22:27.174+03,103
324,ОС,Windows 10,2024-05-11 16:22:37.082+03,2024-05-11 16:22:37.082+03,104
369,Материал,Алюминий,2024-05-11 16:26:34.425+03,2024-05-11 16:26:34.425+03,113
266,Экран,"6.5 дюймов, OLED",2024-05-11 16:17:14.953+03,2024-05-11 16:17:14.953+03,93
267,Процессор,Snapdragon 8,2024-05-11 16:17:14.954+03,2024-05-11 16:17:14.954+03,93
268,Камера,64 Мп,2024-05-11 16:17:14.954+03,2024-05-11 16:17:14.954+03,93
269,Батарея,4500 мАч,2024-05-11 16:17:14.954+03,2024-05-11 16:17:14.954+03,93
320,ОС,Windows 11,2024-05-11 16:22:27.174+03,2024-05-11 16:22:27.174+03,103
322,Процессор,Intel Core i5,2024-05-11 16:22:37.082+03,2024-05-11 16:22:37.082+03,104
371,Тип,Беспроводная,2024-05-11 16:28:10.258+03,2024-05-11 16:28:10.258+03,115
372,Совместимость,Honor устройства,2024-05-11 16:28:10.258+03,2024-05-11 16:28:10.258+03,115
373,Раскладка,QWERTY,2024-05-11 16:28:10.258+03,2024-05-11 16:28:10.258+03,115
374,Цвет,Серый,2024-05-11 16:28:10.258+03,2024-05-11 16:28:10.258+03,115
375,Подсветка,Есть,2024-05-11 16:28:10.258+03,2024-05-11 16:28:10.258+03,115
270,ОС,Android 14,2024-05-11 16:17:14.954+03,2024-05-11 16:17:14.954+03,93
321,Экран,"15.6 дюйма, сенсорный",2024-05-11 16:22:37.082+03,2024-05-11 16:22:37.082+03,104
271,Экран,"6.7 дюймов, OLED",2024-05-11 16:17:46.946+03,2024-05-11 16:17:46.946+03,94
272,Процессор,Kirin 10,2024-05-11 16:17:46.946+03,2024-05-11 16:17:46.946+03,94
273,Камера,108 Мп + 12 Мп + 12 Мп + ToF,2024-05-11 16:17:46.946+03,2024-05-11 16:17:46.946+03,94
274,Батарея,4800 мАч,2024-05-11 16:17:46.946+03,2024-05-11 16:17:46.946+03,94
323,Память,"8 ГБ RAM, 256 ГБ SSD",2024-05-11 16:22:37.082+03,2024-05-11 16:22:37.082+03,104
275,ОС,Magic UI 6,2024-05-11 16:17:46.946+03,2024-05-11 16:17:46.946+03,94
325,Графика,Intel Iris Xe Graphics,2024-05-11 16:22:37.082+03,2024-05-11 16:22:37.082+03,104
276,Экран,2.4 дюйма,2024-05-11 16:19:06.322+03,2024-05-11 16:19:06.322+03,95
277,Камера,3 Мп,2024-05-11 16:19:06.322+03,2024-05-11 16:19:06.322+03,95
278,Память,32 МБ + microSD до 16 ГБ,2024-05-11 16:19:06.322+03,2024-05-11 16:19:06.322+03,95
279,Аккумулятор,1200 мАч,2024-05-11 16:19:06.322+03,2024-05-11 16:19:06.322+03,95
326,Экран,"16 дюймов, Retina",2024-05-11 16:23:21.066+03,2024-05-11 16:23:21.066+03,105
327,Процессор,Apple M2 Pro,2024-05-11 16:23:21.066+03,2024-05-11 16:23:21.066+03,105
328,Память,"16 ГБ RAM, 1 ТБ SSD",2024-05-11 16:23:21.066+03,2024-05-11 16:23:21.066+03,105
329,Графика,AMD Radeon Pro 6900M,2024-05-11 16:23:21.066+03,2024-05-11 16:23:21.066+03,105
330,ОС,macOS Monterey,2024-05-11 16:23:21.066+03,2024-05-11 16:23:21.066+03,105
280,Особенности,"FM-радио, фонарик",2024-05-11 16:19:06.322+03,2024-05-11 16:19:06.322+03,95
331,Экран,"15.6 дюймов, AMOLED",2024-05-11 16:23:32.16+03,2024-05-11 16:23:32.16+03,106
332,Процессор,Intel Core i7,2024-05-11 16:23:32.16+03,2024-05-11 16:23:32.16+03,106
334,Память,"16 ГБ RAM, 512 ГБ SSD",2024-05-11 16:23:32.16+03,2024-05-11 16:23:32.16+03,106
335,ОС,Windows 11,2024-05-11 16:23:32.16+03,2024-05-11 16:23:32.16+03,106
337,Графика,NVIDIA GeForce MX450,2024-05-11 16:23:41.05+03,2024-05-11 16:23:41.05+03,107
344,Графика,NVIDIA GeForce RTX 3080,2024-05-11 16:23:51.019+03,2024-05-11 16:23:51.019+03,108
347,Графика,AMD Radeon RX Vega 10,2024-05-11 16:23:59.703+03,2024-05-11 16:23:59.703+03,109
281,Экран,2.2 дюйма,2024-05-11 16:19:20.409+03,2024-05-11 16:19:20.409+03,96
282,Камера,2 Мп,2024-05-11 16:19:20.409+03,2024-05-11 16:19:20.409+03,96
283,Память,16 МБ + microSD до 8 ГБ,2024-05-11 16:19:20.409+03,2024-05-11 16:19:20.409+03,96
284,Аккумулятор,1000 мАч,2024-05-11 16:19:20.409+03,2024-05-11 16:19:20.409+03,96
285,Особенности,"FM-радио, фонарик",2024-05-11 16:19:20.409+03,2024-05-11 16:19:20.409+03,96
333,Графика,NVIDIA GeForce GTX 3050 Ti,2024-05-11 16:23:32.16+03,2024-05-11 16:23:32.16+03,106
340,ОС,Windows 10,2024-05-11 16:23:41.05+03,2024-05-11 16:23:41.05+03,107
342,Память,"32 ГБ RAM, 2 ТБ SSD",2024-05-11 16:23:51.019+03,2024-05-11 16:23:51.019+03,108
349,Процессор,AMD Ryzen 7,2024-05-11 16:23:59.702+03,2024-05-11 16:23:59.702+03,109
286,Экран,2.0 дюйма,2024-05-11 16:19:35.678+03,2024-05-11 16:19:35.678+03,97
287,Камера,1.3 Мп,2024-05-11 16:19:35.678+03,2024-05-11 16:19:35.678+03,97
288,Память,64 МБ + microSD до 32 ГБ,2024-05-11 16:19:35.678+03,2024-05-11 16:19:35.678+03,97
289,Аккумулятор,800 мАч,2024-05-11 16:19:35.679+03,2024-05-11 16:19:35.679+03,97
293,Особенности,"FM-радио, фонарик",2024-05-11 16:19:46.294+03,2024-05-11 16:19:46.294+03,98
336,Экран,"15.6 дюймов, IPS",2024-05-11 16:23:41.05+03,2024-05-11 16:23:41.05+03,107
343,ОС,Windows 11,2024-05-11 16:23:51.019+03,2024-05-11 16:23:51.019+03,108
348,Память,"16 ГБ RAM, 512 ГБ SSD",2024-05-11 16:23:59.702+03,2024-05-11 16:23:59.702+03,109
290,Особенности,"FM-радио, фонарик",2024-05-11 16:19:35.679+03,2024-05-11 16:19:35.679+03,97
292,Камера,2 Мп,2024-05-11 16:19:46.294+03,2024-05-11 16:19:46.294+03,98
339,Процессор,Intel Core i5,2024-05-11 16:23:41.05+03,2024-05-11 16:23:41.05+03,107
345,Процессор,Intel Core i9,2024-05-11 16:23:51.019+03,2024-05-11 16:23:51.019+03,108
346,Экран,"16.1 дюйма, IPS",2024-05-11 16:23:59.702+03,2024-05-11 16:23:59.702+03,109
233,Совместимость,С ПК и ноутбуками,2024-05-11 16:06:21.243+03,2024-05-11 16:06:21.243+03,81
238,Точность,Точное управление,2024-05-11 16:06:28.89+03,2024-05-11 16:06:28.89+03,82
